<?xml version="1.0" encoding="UTF-8"?>
<FileZilla3 version="3.39.0" platform="windows">
	<Servers>
		<Server>
			<Host>207.178.145.106</Host>
			<Port>2222</Port>
			<Protocol>1</Protocol>
			<Type>0</Type>
			<User>medvision</User>
			<Pass encoding="base64">TTNkdjFzaW9u</Pass>
			<Logontype>1</Logontype>
			<TimezoneOffset>0</TimezoneOffset>
			<PasvMode>MODE_DEFAULT</PasvMode>
			<MaximumMultipleConnections>0</MaximumMultipleConnections>
			<EncodingType>Auto</EncodingType>
			<BypassProxy>0</BypassProxy>
			<Name>Clinicas</Name>
			<Comments>M3dv1sion</Comments>
			<Colour>0</Colour>
			<LocalDir />
			<RemoteDir />
			<SyncBrowsing>0</SyncBrowsing>
			<DirectoryComparison>0</DirectoryComparison>
		</Server>
	</Servers>
</FileZilla3>
